Power,Time,Temperature,Fin Type_Round,Fin Type_Square,Fin Type_Triangular,Configuration_Inline,Configuration_Staggered,PCM_Paraffin,PCM_RT-35,PCM_RT-44
8,0,25.0,0,1,0,1,0,0,0,1
8,2,28.16,0,1,0,1,0,0,0,1
8,4,31.0,0,1,0,1,0,0,0,1
8,6,33.58,0,1,0,1,0,0,0,1
8,8,35.9,0,1,0,1,0,0,0,1
8,10,38.05,0,1,0,1,0,0,0,1
8,12,39.85,0,1,0,1,0,0,0,1
8,14,41.05,0,1,0,1,0,0,0,1
8,16,42.09,0,1,0,1,0,0,0,1
8,18,42.69,0,1,0,1,0,0,0,1
8,20,42.95,0,1,0,1,0,0,0,1
8,22,43.29,0,1,0,1,0,0,0,1
8,24,43.55,0,1,0,1,0,0,0,1
8,26,43.89,0,1,0,1,0,0,0,1
8,28,43.98,0,1,0,1,0,0,0,1
8,30,44.23,0,1,0,1,0,0,0,1
8,32,44.49,0,1,0,1,0,0,0,1
8,34,44.66,0,1,0,1,0,0,0,1
8,36,44.92,0,1,0,1,0,0,0,1
8,38,45.18,0,1,0,1,0,0,0,1
8,40,45.44,0,1,0,1,0,0,0,1
8,42,45.7,0,1,0,1,0,0,0,1
8,44,46.04,0,1,0,1,0,0,0,1
8,46,46.38,0,1,0,1,0,0,0,1
8,48,46.81,0,1,0,1,0,0,0,1
8,50,47.24,0,1,0,1,0,0,0,1
8,52,47.76,0,1,0,1,0,0,0,1
8,54,48.19,0,1,0,1,0,0,0,1
8,56,48.79,0,1,0,1,0,0,0,1
8,58,49.91,0,1,0,1,0,0,0,1
8,60,51.45,0,1,0,1,0,0,0,1
8,62,53.0,0,1,0,1,0,0,0,1
8,64,54.29,0,1,0,1,0,0,0,1
8,66,55.58,0,1,0,1,0,0,0,1
8,68,56.78,0,1,0,1,0,0,0,1
8,70,57.9,0,1,0,1,0,0,0,1
8,72,58.24,0,1,0,1,0,0,0,1
8,74,58.59,0,1,0,1,0,0,0,1
8,76,59.02,0,1,0,1,0,0,0,1
8,78,59.36,0,1,0,1,0,0,0,1
8,80,59.7,0,1,0,1,0,0,0,1
8,82,60.05,0,1,0,1,0,0,0,1
8,84,60.48,0,1,0,1,0,0,0,1
8,86,60.82,0,1,0,1,0,0,0,1
8,88,61.16,0,1,0,1,0,0,0,1
8,90,61.51,0,1,0,1,0,0,0,1
8,0,25.0,0,1,0,1,0,0,1,0
8,2,27.3,0,1,0,1,0,0,1,0
8,4,29.02,0,1,0,1,0,0,1,0
8,6,30.74,0,1,0,1,0,0,1,0
8,8,32.12,0,1,0,1,0,0,1,0
8,10,33.49,0,1,0,1,0,0,1,0
8,12,34.52,0,1,0,1,0,0,1,0
8,14,35.38,0,1,0,1,0,0,1,0
8,16,36.07,0,1,0,1,0,0,1,0
8,18,36.5,0,1,0,1,0,0,1,0
8,20,37.02,0,1,0,1,0,0,1,0
8,22,37.62,0,1,0,1,0,0,1,0
8,24,38.05,0,1,0,1,0,0,1,0
8,26,38.56,0,1,0,1,0,0,1,0
8,28,39.51,0,1,0,1,0,0,1,0
8,30,41.48,0,1,0,1,0,0,1,0
8,32,43.38,0,1,0,1,0,0,1,0
8,34,45.18,0,1,0,1,0,0,1,0
8,36,46.73,0,1,0,1,0,0,1,0
8,38,48.36,0,1,0,1,0,0,1,0
8,40,49.65,0,1,0,1,0,0,1,0
8,42,50.94,0,1,0,1,0,0,1,0
8,44,52.14,0,1,0,1,0,0,1,0
8,46,53.17,0,1,0,1,0,0,1,0
8,48,54.29,0,1,0,1,0,0,1,0
8,50,55.23,0,1,0,1,0,0,1,0
8,52,56.27,0,1,0,1,0,0,1,0
8,54,57.13,0,1,0,1,0,0,1,0
8,56,57.98,0,1,0,1,0,0,1,0
8,58,58.76,0,1,0,1,0,0,1,0
8,60,59.45,0,1,0,1,0,0,1,0
8,62,60.22,0,1,0,1,0,0,1,0
8,64,60.91,0,1,0,1,0,0,1,0
8,66,61.51,0,1,0,1,0,0,1,0
8,68,62.11,0,1,0,1,0,0,1,0
8,70,62.71,0,1,0,1,0,0,1,0
8,72,63.14,0,1,0,1,0,0,1,0
8,74,63.74,0,1,0,1,0,0,1,0
8,76,64.26,0,1,0,1,0,0,1,0
8,78,64.69,0,1,0,1,0,0,1,0
8,80,65.12,0,1,0,1,0,0,1,0
8,82,65.46,0,1,0,1,0,0,1,0
8,84,65.89,0,1,0,1,0,0,1,0
8,86,66.23,0,1,0,1,0,0,1,0
8,88,66.66,0,1,0,1,0,0,1,0
8,90,66.92,0,1,0,1,0,0,1,0
8,0,25.0,0,1,0,1,0,1,0,0
8,2,27.73,0,1,0,1,0,1,0,0
8,4,30.14,0,1,0,1,0,1,0,0
8,6,32.2,0,1,0,1,0,1,0,0
8,8,34.01,0,1,0,1,0,1,0,0
8,10,35.64,0,1,0,1,0,1,0,0
8,12,37.1,0,1,0,1,0,1,0,0
8,14,38.56,0,1,0,1,0,1,0,0
8,16,39.77,0,1,0,1,0,1,0,0
8,18,41.05,0,1,0,1,0,1,0,0
8,20,42.17,0,1,0,1,0,1,0,0
8,22,43.29,0,1,0,1,0,1,0,0
8,24,44.23,0,1,0,1,0,1,0,0
8,26,45.18,0,1,0,1,0,1,0,0
8,28,46.13,0,1,0,1,0,1,0,0
8,30,47.07,0,1,0,1,0,1,0,0
8,32,48.02,0,1,0,1,0,1,0,0
8,34,48.79,0,1,0,1,0,1,0,0
8,36,49.48,0,1,0,1,0,1,0,0
8,38,50.08,0,1,0,1,0,1,0,0
8,40,50.59,0,1,0,1,0,1,0,0
8,42,51.11,0,1,0,1,0,1,0,0
8,44,51.63,0,1,0,1,0,1,0,0
8,46,51.97,0,1,0,1,0,1,0,0
8,48,52.48,0,1,0,1,0,1,0,0
8,50,52.83,0,1,0,1,0,1,0,0
8,52,53.17,0,1,0,1,0,1,0,0
8,54,53.34,0,1,0,1,0,1,0,0
8,56,53.6,0,1,0,1,0,1,0,0
8,58,53.95,0,1,0,1,0,1,0,0
8,60,54.2,0,1,0,1,0,1,0,0
8,62,54.46,0,1,0,1,0,1,0,0
8,64,54.72,0,1,0,1,0,1,0,0
8,66,54.98,0,1,0,1,0,1,0,0
8,68,55.15,0,1,0,1,0,1,0,0
8,70,55.32,0,1,0,1,0,1,0,0
8,72,55.58,0,1,0,1,0,1,0,0
8,74,55.84,0,1,0,1,0,1,0,0
8,76,56.01,0,1,0,1,0,1,0,0
8,78,56.27,0,1,0,1,0,1,0,0
8,80,56.52,0,1,0,1,0,1,0,0
8,82,56.7,0,1,0,1,0,1,0,0
8,84,56.87,0,1,0,1,0,1,0,0
8,86,57.04,0,1,0,1,0,1,0,0
8,88,57.3,0,1,0,1,0,1,0,0
8,90,57.47,0,1,0,1,0,1,0,0
8,0,25.0,0,1,0,0,1,1,0,0
8,2,27.48,0,1,0,0,1,1,0,0
8,4,29.8,0,1,0,0,1,1,0,0
8,6,31.77,0,1,0,0,1,1,0,0
8,8,33.66,0,1,0,0,1,1,0,0
8,10,35.3,0,1,0,0,1,1,0,0
8,12,36.76,0,1,0,0,1,1,0,0
8,14,38.13,0,1,0,0,1,1,0,0
8,16,39.42,0,1,0,0,1,1,0,0
8,18,40.63,0,1,0,0,1,1,0,0
8,20,41.83,0,1,0,0,1,1,0,0
8,22,42.86,0,1,0,0,1,1,0,0
8,24,43.89,0,1,0,0,1,1,0,0
8,26,44.92,0,1,0,0,1,1,0,0
8,28,45.95,0,1,0,0,1,1,0,0
8,30,47.07,0,1,0,0,1,1,0,0
8,32,48.1,0,1,0,0,1,1,0,0
8,34,49.13,0,1,0,0,1,1,0,0
8,36,49.99,0,1,0,0,1,1,0,0
8,38,50.94,0,1,0,0,1,1,0,0
8,40,51.63,0,1,0,0,1,1,0,0
8,42,52.14,0,1,0,0,1,1,0,0
8,44,52.74,0,1,0,0,1,1,0,0
8,46,53.26,0,1,0,0,1,1,0,0
8,48,53.69,0,1,0,0,1,1,0,0
8,50,54.12,0,1,0,0,1,1,0,0
8,52,54.46,0,1,0,0,1,1,0,0
8,54,54.8,0,1,0,0,1,1,0,0
8,56,55.15,0,1,0,0,1,1,0,0
8,58,55.58,0,1,0,0,1,1,0,0
8,60,55.92,0,1,0,0,1,1,0,0
8,62,56.27,0,1,0,0,1,1,0,0
8,64,56.52,0,1,0,0,1,1,0,0
8,66,56.78,0,1,0,0,1,1,0,0
8,68,57.13,0,1,0,0,1,1,0,0
8,70,57.47,0,1,0,0,1,1,0,0
8,72,57.81,0,1,0,0,1,1,0,0
8,74,58.16,0,1,0,0,1,1,0,0
8,76,58.41,0,1,0,0,1,1,0,0
8,78,58.76,0,1,0,0,1,1,0,0
8,80,59.1,0,1,0,0,1,1,0,0
8,82,59.45,0,1,0,0,1,1,0,0
8,84,59.79,0,1,0,0,1,1,0,0
8,86,60.13,0,1,0,0,1,1,0,0
8,88,60.56,0,1,0,0,1,1,0,0
8,90,60.8,0,1,0,0,1,1,0,0
8,0,25.0,0,1,0,0,1,0,1,0
8,2,27.99,0,1,0,0,1,0,1,0
8,4,30.14,0,1,0,0,1,0,1,0
8,6,31.77,0,1,0,0,1,0,1,0
8,8,32.63,0,1,0,0,1,0,1,0
8,10,33.49,0,1,0,0,1,0,1,0
8,12,34.35,0,1,0,0,1,0,1,0
8,14,35.21,0,1,0,0,1,0,1,0
8,16,35.81,0,1,0,0,1,0,1,0
8,18,36.33,0,1,0,0,1,0,1,0
8,20,36.93,0,1,0,0,1,0,1,0
8,22,37.53,0,1,0,0,1,0,1,0
8,24,38.05,0,1,0,0,1,0,1,0
8,26,38.56,0,1,0,0,1,0,1,0
8,28,38.91,0,1,0,0,1,0,1,0
8,30,39.59,0,1,0,0,1,0,1,0
8,32,41.4,0,1,0,0,1,0,1,0
8,34,43.8,0,1,0,0,1,0,1,0
8,36,45.78,0,1,0,0,1,0,1,0
8,38,47.76,0,1,0,0,1,0,1,0
8,40,49.56,0,1,0,0,1,0,1,0
8,42,51.28,0,1,0,0,1,0,1,0
8,44,52.91,0,1,0,0,1,0,1,0
8,46,54.38,0,1,0,0,1,0,1,0
8,48,55.84,0,1,0,0,1,0,1,0
8,50,57.13,0,1,0,0,1,0,1,0
8,52,58.41,0,1,0,0,1,0,1,0
8,54,59.45,0,1,0,0,1,0,1,0
8,56,60.56,0,1,0,0,1,0,1,0
8,58,61.59,0,1,0,0,1,0,1,0
8,60,62.63,0,1,0,0,1,0,1,0
8,62,63.48,0,1,0,0,1,0,1,0
8,64,64.43,0,1,0,0,1,0,1,0
8,66,65.2,0,1,0,0,1,0,1,0
8,68,66.06,0,1,0,0,1,0,1,0
8,70,66.75,0,1,0,0,1,0,1,0
8,72,67.44,0,1,0,0,1,0,1,0
8,74,68.13,0,1,0,0,1,0,1,0
8,76,68.73,0,1,0,0,1,0,1,0
8,78,69.24,0,1,0,0,1,0,1,0
8,80,69.84,0,1,0,0,1,0,1,0
8,82,70.45,0,1,0,0,1,0,1,0
8,84,70.96,0,1,0,0,1,0,1,0
8,86,71.48,0,1,0,0,1,0,1,0
8,88,71.91,0,1,0,0,1,0,1,0
8,90,72.34,0,1,0,0,1,0,1,0
8,0,25.0,0,1,0,0,1,0,0,1
8,2,28.25,0,1,0,0,1,0,0,1
8,4,31.17,0,1,0,0,1,0,0,1
8,6,34.01,0,1,0,0,1,0,0,1
8,8,36.41,0,1,0,0,1,0,0,1
8,10,38.48,0,1,0,0,1,0,0,1
8,12,40.11,0,1,0,0,1,0,0,1
8,14,41.14,0,1,0,0,1,0,0,1
8,16,41.83,0,1,0,0,1,0,0,1
8,18,42.43,0,1,0,0,1,0,0,1
8,20,42.95,0,1,0,0,1,0,0,1
8,22,43.29,0,1,0,0,1,0,0,1
8,24,43.63,0,1,0,0,1,0,0,1
8,26,43.98,0,1,0,0,1,0,0,1
8,28,44.32,0,1,0,0,1,0,0,1
8,30,44.66,0,1,0,0,1,0,0,1
8,32,44.92,0,1,0,0,1,0,0,1
8,34,45.18,0,1,0,0,1,0,0,1
8,36,45.61,0,1,0,0,1,0,0,1
8,38,45.95,0,1,0,0,1,0,0,1
8,40,46.3,0,1,0,0,1,0,0,1
8,42,46.64,0,1,0,0,1,0,0,1
8,44,47.16,0,1,0,0,1,0,0,1
8,46,47.67,0,1,0,0,1,0,0,1
8,48,49.05,0,1,0,0,1,0,0,1
8,50,50.77,0,1,0,0,1,0,0,1
8,52,52.4,0,1,0,0,1,0,0,1
8,54,53.77,0,1,0,0,1,0,0,1
8,56,55.15,0,1,0,0,1,0,0,1
8,58,56.52,0,1,0,0,1,0,0,1
8,60,57.64,0,1,0,0,1,0,0,1
8,62,58.76,0,1,0,0,1,0,0,1
8,64,59.88,0,1,0,0,1,0,0,1
8,66,60.82,0,1,0,0,1,0,0,1
8,68,61.85,0,1,0,0,1,0,0,1
8,70,62.71,0,1,0,0,1,0,0,1
8,72,63.48,0,1,0,0,1,0,0,1
8,74,64.26,0,1,0,0,1,0,0,1
8,76,64.95,0,1,0,0,1,0,0,1
8,78,65.55,0,1,0,0,1,0,0,1
8,80,65.98,0,1,0,0,1,0,0,1
8,82,66.32,0,1,0,0,1,0,0,1
8,84,66.66,0,1,0,0,1,0,0,1
8,86,67.01,0,1,0,0,1,0,0,1
8,88,67.35,0,1,0,0,1,0,0,1
8,90,67.61,0,1,0,0,1,0,0,1
8,0,24.5,1,0,0,1,0,0,0,1
8,2,27.3,1,0,0,1,0,0,0,1
8,4,29.85,1,0,0,1,0,0,0,1
8,6,32.35,1,0,0,1,0,0,0,1
8,8,34.41,1,0,0,1,0,0,0,1
8,10,36.42,1,0,0,1,0,0,0,1
8,12,38.24,1,0,0,1,0,0,0,1
8,14,39.46,1,0,0,1,0,0,0,1
8,16,40.34,1,0,0,1,0,0,0,1
8,18,41.08,1,0,0,1,0,0,0,1
8,20,41.72,1,0,0,1,0,0,0,1
8,22,42.21,1,0,0,1,0,0,0,1
8,24,42.55,1,0,0,1,0,0,0,1
8,26,42.94,1,0,0,1,0,0,0,1
8,28,43.24,1,0,0,1,0,0,0,1
8,30,43.53,1,0,0,1,0,0,0,1
8,32,43.82,1,0,0,1,0,0,0,1
8,34,44.12,1,0,0,1,0,0,0,1
8,36,44.46,1,0,0,1,0,0,0,1
8,38,44.75,1,0,0,1,0,0,0,1
8,40,45.05,1,0,0,1,0,0,0,1
8,42,45.34,1,0,0,1,0,0,0,1
8,44,45.59,1,0,0,1,0,0,0,1
8,46,45.93,1,0,0,1,0,0,0,1
8,48,46.27,1,0,0,1,0,0,0,1
8,50,46.62,1,0,0,1,0,0,0,1
8,52,46.96,1,0,0,1,0,0,0,1
8,54,47.4,1,0,0,1,0,0,0,1
8,56,47.99,1,0,0,1,0,0,0,1
8,58,48.53,1,0,0,1,0,0,0,1
8,60,49.12,1,0,0,1,0,0,0,1
8,62,50.29,1,0,0,1,0,0,0,1
8,64,51.67,1,0,0,1,0,0,0,1
8,66,52.99,1,0,0,1,0,0,0,1
8,68,54.22,1,0,0,1,0,0,0,1
8,70,55.34,1,0,0,1,0,0,0,1
8,72,56.47,1,0,0,1,0,0,0,1
8,74,57.4,1,0,0,1,0,0,0,1
8,76,58.43,1,0,0,1,0,0,0,1
8,78,59.36,1,0,0,1,0,0,0,1
8,80,60.2,1,0,0,1,0,0,0,1
8,82,61.03,1,0,0,1,0,0,0,1
8,84,61.81,1,0,0,1,0,0,0,1
8,86,62.5,1,0,0,1,0,0,0,1
8,88,63.19,1,0,0,1,0,0,0,1
8,90,63.82,1,0,0,1,0,0,0,1
8,0,24.5,1,0,0,1,0,0,1,0
8,2,27.11,1,0,0,1,0,0,1,0
8,4,29.31,1,0,0,1,0,0,1,0
8,6,31.08,1,0,0,1,0,0,1,0
8,8,32.5,1,0,0,1,0,0,1,0
8,10,33.38,1,0,0,1,0,0,1,0
8,12,34.12,1,0,0,1,0,0,1,0
8,14,34.71,1,0,0,1,0,0,1,0
8,16,35.25,1,0,0,1,0,0,1,0
8,18,35.78,1,0,0,1,0,0,1,0
8,20,36.18,1,0,0,1,0,0,1,0
8,22,36.57,1,0,0,1,0,0,1,0
8,24,37.01,1,0,0,1,0,0,1,0
8,26,37.45,1,0,0,1,0,0,1,0
8,28,37.84,1,0,0,1,0,0,1,0
8,30,38.33,1,0,0,1,0,0,1,0
8,32,38.77,1,0,0,1,0,0,1,0
8,34,39.46,1,0,0,1,0,0,1,0
8,36,39.85,1,0,0,1,0,0,1,0
8,38,40.44,1,0,0,1,0,0,1,0
8,40,41.62,1,0,0,1,0,0,1,0
8,42,43.53,1,0,0,1,0,0,1,0
8,44,45.34,1,0,0,1,0,0,1,0
8,46,47.11,1,0,0,1,0,0,1,0
8,48,48.58,1,0,0,1,0,0,1,0
8,50,50.1,1,0,0,1,0,0,1,0
8,52,51.42,1,0,0,1,0,0,1,0
8,54,52.89,1,0,0,1,0,0,1,0
8,56,54.17,1,0,0,1,0,0,1,0
8,58,55.29,1,0,0,1,0,0,1,0
8,60,56.47,1,0,0,1,0,0,1,0
8,62,57.6,1,0,0,1,0,0,1,0
8,64,58.53,1,0,0,1,0,0,1,0
8,66,59.61,1,0,0,1,0,0,1,0
8,68,60.49,1,0,0,1,0,0,1,0
8,70,61.81,1,0,0,1,0,0,1,0
8,72,62.55,1,0,0,1,0,0,1,0
8,74,63.19,1,0,0,1,0,0,1,0
8,76,63.77,1,0,0,1,0,0,1,0
8,78,64.41,1,0,0,1,0,0,1,0
8,80,64.9,1,0,0,1,0,0,1,0
8,82,65.44,1,0,0,1,0,0,1,0
8,84,65.93,1,0,0,1,0,0,1,0
8,86,66.42,1,0,0,1,0,0,1,0
8,88,66.86,1,0,0,1,0,0,1,0
8,90,67.35,1,0,0,1,0,0,1,0
8,0,24.5,1,0,0,1,0,1,0,0
8,2,27.25,1,0,0,1,0,1,0,0
8,4,29.71,1,0,0,1,0,1,0,0
8,6,31.96,1,0,0,1,0,1,0,0
8,8,33.68,1,0,0,1,0,1,0,0
8,10,35.34,1,0,0,1,0,1,0,0
8,12,36.81,1,0,0,1,0,1,0,0
8,14,38.04,1,0,0,1,0,1,0,0
8,16,39.22,1,0,0,1,0,1,0,0
8,18,40.34,1,0,0,1,0,1,0,0
8,20,41.32,1,0,0,1,0,1,0,0
8,22,42.3,1,0,0,1,0,1,0,0
8,24,43.24,1,0,0,1,0,1,0,0
8,26,44.02,1,0,0,1,0,1,0,0
8,28,45.2,1,0,0,1,0,1,0,0
8,30,46.23,1,0,0,1,0,1,0,0
8,32,47.3,1,0,0,1,0,1,0,0
8,34,48.38,1,0,0,1,0,1,0,0
8,36,49.22,1,0,0,1,0,1,0,0
8,38,50.05,1,0,0,1,0,1,0,0
8,40,50.74,1,0,0,1,0,1,0,0
8,42,51.37,1,0,0,1,0,1,0,0
8,44,51.86,1,0,0,1,0,1,0,0
8,46,52.45,1,0,0,1,0,1,0,0
8,48,52.94,1,0,0,1,0,1,0,0
8,50,53.38,1,0,0,1,0,1,0,0
8,52,53.82,1,0,0,1,0,1,0,0
8,54,54.22,1,0,0,1,0,1,0,0
8,56,54.61,1,0,0,1,0,1,0,0
8,58,55.05,1,0,0,1,0,1,0,0
8,60,55.34,1,0,0,1,0,1,0,0
8,62,55.74,1,0,0,1,0,1,0,0
8,64,56.03,1,0,0,1,0,1,0,0
8,66,56.32,1,0,0,1,0,1,0,0
8,68,56.72,1,0,0,1,0,1,0,0
8,70,57.06,1,0,0,1,0,1,0,0
8,72,57.35,1,0,0,1,0,1,0,0
8,74,57.6,1,0,0,1,0,1,0,0
8,76,57.89,1,0,0,1,0,1,0,0
8,78,58.24,1,0,0,1,0,1,0,0
8,80,58.58,1,0,0,1,0,1,0,0
8,82,58.82,1,0,0,1,0,1,0,0
8,84,59.12,1,0,0,1,0,1,0,0
8,86,59.46,1,0,0,1,0,1,0,0
8,88,59.8,1,0,0,1,0,1,0,0
8,90,60.15,1,0,0,1,0,1,0,0
8,0,24.5,1,0,0,0,1,1,0,0
8,2,27.25,1,0,0,0,1,1,0,0
8,4,29.56,1,0,0,0,1,1,0,0
8,6,31.72,1,0,0,0,1,1,0,0
8,8,33.53,1,0,0,0,1,1,0,0
8,10,35.1,1,0,0,0,1,1,0,0
8,12,36.62,1,0,0,0,1,1,0,0
8,14,38.14,1,0,0,0,1,1,0,0
8,16,39.46,1,0,0,0,1,1,0,0
8,18,40.64,1,0,0,0,1,1,0,0
8,20,42.11,1,0,0,0,1,1,0,0
8,22,43.14,1,0,0,0,1,1,0,0
8,24,44.36,1,0,0,0,1,1,0,0
8,26,45.59,1,0,0,0,1,1,0,0
8,28,46.81,1,0,0,0,1,1,0,0
8,30,47.99,1,0,0,0,1,1,0,0
8,32,48.92,1,0,0,0,1,1,0,0
8,34,49.95,1,0,0,0,1,1,0,0
8,36,50.74,1,0,0,0,1,1,0,0
8,38,51.47,1,0,0,0,1,1,0,0
8,40,51.96,1,0,0,0,1,1,0,0
8,42,52.6,1,0,0,0,1,1,0,0
8,44,53.09,1,0,0,0,1,1,0,0
8,46,53.58,1,0,0,0,1,1,0,0
8,48,53.97,1,0,0,0,1,1,0,0
8,50,54.56,1,0,0,0,1,1,0,0
8,52,54.9,1,0,0,0,1,1,0,0
8,54,55.29,1,0,0,0,1,1,0,0
8,56,55.64,1,0,0,0,1,1,0,0
8,58,55.98,1,0,0,0,1,1,0,0
8,60,56.37,1,0,0,0,1,1,0,0
8,62,56.76,1,0,0,0,1,1,0,0
8,64,57.01,1,0,0,0,1,1,0,0
8,66,57.4,1,0,0,0,1,1,0,0
8,68,57.84,1,0,0,0,1,1,0,0
8,70,58.19,1,0,0,0,1,1,0,0
8,72,58.53,1,0,0,0,1,1,0,0
8,74,58.92,1,0,0,0,1,1,0,0
8,76,59.22,1,0,0,0,1,1,0,0
8,78,59.56,1,0,0,0,1,1,0,0
8,80,59.85,1,0,0,0,1,1,0,0
8,82,60.2,1,0,0,0,1,1,0,0
8,84,60.83,1,0,0,0,1,1,0,0
8,86,61.62,1,0,0,0,1,1,0,0
8,88,62.5,1,0,0,0,1,1,0,0
8,90,63.43,1,0,0,0,1,1,0,0
8,0,24.5,1,0,0,0,1,0,0,1
8,2,27.21,1,0,0,0,1,0,0,1
8,4,30.05,1,0,0,0,1,0,0,1
8,6,32.4,1,0,0,0,1,0,0,1
8,8,34.41,1,0,0,0,1,0,0,1
8,10,36.52,1,0,0,0,1,0,0,1
8,12,38.28,1,0,0,0,1,0,0,1
8,14,39.85,1,0,0,0,1,0,0,1
8,16,41.13,1,0,0,0,1,0,0,1
8,18,42.21,1,0,0,0,1,0,0,1
8,20,42.89,1,0,0,0,1,0,0,1
8,22,43.24,1,0,0,0,1,0,0,1
8,24,43.58,1,0,0,0,1,0,0,1
8,26,43.92,1,0,0,0,1,0,0,1
8,28,44.22,1,0,0,0,1,0,0,1
8,30,44.41,1,0,0,0,1,0,0,1
8,32,44.66,1,0,0,0,1,0,0,1
8,34,44.9,1,0,0,0,1,0,0,1
8,36,45.15,1,0,0,0,1,0,0,1
8,38,45.39,1,0,0,0,1,0,0,1
8,40,45.59,1,0,0,0,1,0,0,1
8,42,45.88,1,0,0,0,1,0,0,1
8,44,46.18,1,0,0,0,1,0,0,1
8,46,46.52,1,0,0,0,1,0,0,1
8,48,46.81,1,0,0,0,1,0,0,1
8,50,47.21,1,0,0,0,1,0,0,1
8,52,47.55,1,0,0,0,1,0,0,1
8,54,47.94,1,0,0,0,1,0,0,1
8,56,48.33,1,0,0,0,1,0,0,1
8,58,48.82,1,0,0,0,1,0,0,1
8,60,49.51,1,0,0,0,1,0,0,1
8,62,50.93,1,0,0,0,1,0,0,1
8,64,52.21,1,0,0,0,1,0,0,1
8,66,53.68,1,0,0,0,1,0,0,1
8,68,54.95,1,0,0,0,1,0,0,1
8,70,56.13,1,0,0,0,1,0,0,1
8,72,57.21,1,0,0,0,1,0,0,1
8,74,58.24,1,0,0,0,1,0,0,1
8,76,59.31,1,0,0,0,1,0,0,1
8,78,60.2,1,0,0,0,1,0,0,1
8,80,61.08,1,0,0,0,1,0,0,1
8,82,61.96,1,0,0,0,1,0,0,1
8,84,62.7,1,0,0,0,1,0,0,1
8,86,63.48,1,0,0,0,1,0,0,1
8,88,64.17,1,0,0,0,1,0,0,1
8,90,64.8,1,0,0,0,1,0,0,1
8,0,24.5,1,0,0,0,1,0,1,0
8,2,27.11,1,0,0,0,1,0,1,0
8,4,29.22,1,0,0,0,1,0,1,0
8,6,31.13,1,0,0,0,1,0,1,0
8,8,32.55,1,0,0,0,1,0,1,0
8,10,33.48,1,0,0,0,1,0,1,0
8,12,34.17,1,0,0,0,1,0,1,0
8,14,34.75,1,0,0,0,1,0,1,0
8,16,35.29,1,0,0,0,1,0,1,0
8,18,35.88,1,0,0,0,1,0,1,0
8,20,36.72,1,0,0,0,1,0,1,0
8,22,37.35,1,0,0,0,1,0,1,0
8,24,38.04,1,0,0,0,1,0,1,0
8,26,38.68,1,0,0,0,1,0,1,0
8,28,39.26,1,0,0,0,1,0,1,0
8,30,39.66,1,0,0,0,1,0,1,0
8,32,40.1,1,0,0,0,1,0,1,0
8,34,41.27,1,0,0,0,1,0,1,0
8,36,43.19,1,0,0,0,1,0,1,0
8,38,45.0,1,0,0,0,1,0,1,0
8,40,46.67,1,0,0,0,1,0,1,0
8,42,48.14,1,0,0,0,1,0,1,0
8,44,49.46,1,0,0,0,1,0,1,0
8,46,50.78,1,0,0,0,1,0,1,0
8,48,51.96,1,0,0,0,1,0,1,0
8,50,53.09,1,0,0,0,1,0,1,0
8,52,54.17,1,0,0,0,1,0,1,0
8,54,55.2,1,0,0,0,1,0,1,0
8,56,56.27,1,0,0,0,1,0,1,0
8,58,57.11,1,0,0,0,1,0,1,0
8,60,57.94,1,0,0,0,1,0,1,0
8,62,58.87,1,0,0,0,1,0,1,0
8,64,59.66,1,0,0,0,1,0,1,0
8,66,60.44,1,0,0,0,1,0,1,0
8,68,61.08,1,0,0,0,1,0,1,0
8,70,61.86,1,0,0,0,1,0,1,0
8,72,62.79,1,0,0,0,1,0,1,0
8,74,63.53,1,0,0,0,1,0,1,0
8,76,64.31,1,0,0,0,1,0,1,0
8,78,64.95,1,0,0,0,1,0,1,0
8,80,65.64,1,0,0,0,1,0,1,0
8,82,66.27,1,0,0,0,1,0,1,0
8,84,66.81,1,0,0,0,1,0,1,0
8,86,67.45,1,0,0,0,1,0,1,0
8,88,68.04,1,0,0,0,1,0,1,0
8,90,68.58,1,0,0,0,1,0,1,0
8,0,25.02,0,0,1,1,0,0,1,0
8,2,26.6,0,0,1,1,0,0,1,0
8,4,28.14,0,0,1,1,0,0,1,0
8,6,29.49,0,0,1,1,0,0,1,0
8,8,30.47,0,0,1,1,0,0,1,0
8,10,31.3,0,0,1,1,0,0,1,0
8,12,31.86,0,0,1,1,0,0,1,0
8,14,32.37,0,0,1,1,0,0,1,0
8,16,32.7,0,0,1,1,0,0,1,0
8,18,33.12,0,0,1,1,0,0,1,0
8,20,33.4,0,0,1,1,0,0,1,0
8,22,33.77,0,0,1,1,0,0,1,0
8,24,34.05,0,0,1,1,0,0,1,0
8,26,34.33,0,0,1,1,0,0,1,0
8,28,34.65,0,0,1,1,0,0,1,0
8,30,35.02,0,0,1,1,0,0,1,0
8,32,35.44,0,0,1,1,0,0,1,0
8,34,35.86,0,0,1,1,0,0,1,0
8,36,36.37,0,0,1,1,0,0,1,0
8,38,37.21,0,0,1,1,0,0,1,0
8,40,39.35,0,0,1,1,0,0,1,0
8,42,40.98,0,0,1,1,0,0,1,0
8,44,42.56,0,0,1,1,0,0,1,0
8,46,43.86,0,0,1,1,0,0,1,0
8,48,45.16,0,0,1,1,0,0,1,0
8,50,46.33,0,0,1,1,0,0,1,0
8,52,47.53,0,0,1,1,0,0,1,0
8,54,48.56,0,0,1,1,0,0,1,0
8,56,49.49,0,0,1,1,0,0,1,0
8,58,50.42,0,0,1,1,0,0,1,0
8,60,51.35,0,0,1,1,0,0,1,0
8,62,52.14,0,0,1,1,0,0,1,0
8,64,52.98,0,0,1,1,0,0,1,0
8,66,53.72,0,0,1,1,0,0,1,0
8,68,54.47,0,0,1,1,0,0,1,0
8,70,55.12,0,0,1,1,0,0,1,0
8,72,55.81,0,0,1,1,0,0,1,0
8,74,56.51,0,0,1,1,0,0,1,0
8,76,57.12,0,0,1,1,0,0,1,0
8,78,57.63,0,0,1,1,0,0,1,0
8,80,58.23,0,0,1,1,0,0,1,0
8,82,58.74,0,0,1,1,0,0,1,0
8,84,59.21,0,0,1,1,0,0,1,0
8,86,59.67,0,0,1,1,0,0,1,0
8,88,60.05,0,0,1,1,0,0,1,0
8,90,60.28,0,0,1,1,0,0,1,0
8,0,25.02,0,0,1,1,0,0,0,1
8,2,27.26,0,0,1,1,0,0,0,1
8,4,28.93,0,0,1,1,0,0,0,1
8,6,30.98,0,0,1,1,0,0,0,1
8,8,32.7,0,0,1,1,0,0,0,1
8,10,34.23,0,0,1,1,0,0,0,1
8,12,35.58,0,0,1,1,0,0,0,1
8,14,36.74,0,0,1,1,0,0,0,1
8,16,37.72,0,0,1,1,0,0,0,1
8,18,38.47,0,0,1,1,0,0,0,1
8,20,39.12,0,0,1,1,0,0,0,1
8,22,39.67,0,0,1,1,0,0,0,1
8,24,40.09,0,0,1,1,0,0,0,1
8,26,40.51,0,0,1,1,0,0,0,1
8,28,40.79,0,0,1,1,0,0,0,1
8,30,41.07,0,0,1,1,0,0,0,1
8,32,41.4,0,0,1,1,0,0,0,1
8,34,41.72,0,0,1,1,0,0,0,1
8,36,41.95,0,0,1,1,0,0,0,1
8,38,42.14,0,0,1,1,0,0,0,1
8,40,42.47,0,0,1,1,0,0,0,1
8,42,42.74,0,0,1,1,0,0,0,1
8,44,42.93,0,0,1,1,0,0,0,1
8,46,43.16,0,0,1,1,0,0,0,1
8,48,43.35,0,0,1,1,0,0,0,1
8,50,43.63,0,0,1,1,0,0,0,1
8,52,43.86,0,0,1,1,0,0,0,1
8,54,44.0,0,0,1,1,0,0,0,1
8,56,44.28,0,0,1,1,0,0,0,1
8,58,44.51,0,0,1,1,0,0,0,1
8,60,44.79,0,0,1,1,0,0,0,1
8,62,45.02,0,0,1,1,0,0,0,1
8,64,45.35,0,0,1,1,0,0,0,1
8,66,45.72,0,0,1,1,0,0,0,1
8,68,46.33,0,0,1,1,0,0,0,1
8,70,47.58,0,0,1,1,0,0,0,1
8,72,48.88,0,0,1,1,0,0,0,1
8,74,50.33,0,0,1,1,0,0,0,1
8,76,51.91,0,0,1,1,0,0,0,1
8,78,52.42,0,0,1,1,0,0,0,1
8,80,52.6,0,0,1,1,0,0,0,1
8,82,53.07,0,0,1,1,0,0,0,1
8,84,53.4,0,0,1,1,0,0,0,1
8,86,53.81,0,0,1,1,0,0,0,1
8,88,54.28,0,0,1,1,0,0,0,1
8,90,54.7,0,0,1,1,0,0,0,1
8,0,25.02,0,0,1,1,0,1,0,0
8,2,26.79,0,0,1,1,0,1,0,0
8,4,28.6,0,0,1,1,0,1,0,0
8,6,30.47,0,0,1,1,0,1,0,0
8,8,32.14,0,0,1,1,0,1,0,0
8,10,33.44,0,0,1,1,0,1,0,0
8,12,34.65,0,0,1,1,0,1,0,0
8,14,35.95,0,0,1,1,0,1,0,0
8,16,36.93,0,0,1,1,0,1,0,0
8,18,37.91,0,0,1,1,0,1,0,0
8,20,38.84,0,0,1,1,0,1,0,0
8,22,39.72,0,0,1,1,0,1,0,0
8,24,40.65,0,0,1,1,0,1,0,0
8,26,41.58,0,0,1,1,0,1,0,0
8,28,42.74,0,0,1,1,0,1,0,0
8,30,43.95,0,0,1,1,0,1,0,0
8,32,44.98,0,0,1,1,0,1,0,0
8,34,45.81,0,0,1,1,0,1,0,0
8,36,46.6,0,0,1,1,0,1,0,0
8,38,47.49,0,0,1,1,0,1,0,0
8,40,48.19,0,0,1,1,0,1,0,0
8,42,48.7,0,0,1,1,0,1,0,0
8,44,49.21,0,0,1,1,0,1,0,0
8,46,49.77,0,0,1,1,0,1,0,0
8,48,50.23,0,0,1,1,0,1,0,0
8,50,50.65,0,0,1,1,0,1,0,0
8,52,50.98,0,0,1,1,0,1,0,0
8,54,51.3,0,0,1,1,0,1,0,0
8,56,51.67,0,0,1,1,0,1,0,0
8,58,52.0,0,0,1,1,0,1,0,0
8,60,52.23,0,0,1,1,0,1,0,0
8,62,52.51,0,0,1,1,0,1,0,0
8,64,52.84,0,0,1,1,0,1,0,0
8,66,53.07,0,0,1,1,0,1,0,0
8,68,53.35,0,0,1,1,0,1,0,0
8,70,53.58,0,0,1,1,0,1,0,0
8,72,53.77,0,0,1,1,0,1,0,0
8,74,54.05,0,0,1,1,0,1,0,0
8,76,54.28,0,0,1,1,0,1,0,0
8,78,54.51,0,0,1,1,0,1,0,0
8,80,54.7,0,0,1,1,0,1,0,0
8,82,54.93,0,0,1,1,0,1,0,0
8,84,55.12,0,0,1,1,0,1,0,0
8,86,55.3,0,0,1,1,0,1,0,0
8,88,55.53,0,0,1,1,0,1,0,0
8,90,55.67,0,0,1,1,0,1,0,0
8,0,25.02,0,0,1,0,1,1,0,0
8,2,26.88,0,0,1,0,1,1,0,0
8,4,28.6,0,0,1,0,1,1,0,0
8,6,30.37,0,0,1,0,1,1,0,0
8,8,31.91,0,0,1,0,1,1,0,0
8,10,33.35,0,0,1,0,1,1,0,0
8,12,34.56,0,0,1,0,1,1,0,0
8,14,35.72,0,0,1,0,1,1,0,0
8,16,36.74,0,0,1,0,1,1,0,0
8,18,37.81,0,0,1,0,1,1,0,0
8,20,38.79,0,0,1,0,1,1,0,0
8,22,39.67,0,0,1,0,1,1,0,0
8,24,40.56,0,0,1,0,1,1,0,0
8,26,41.53,0,0,1,0,1,1,0,0
8,28,42.51,0,0,1,0,1,1,0,0
8,30,43.35,0,0,1,0,1,1,0,0
8,32,44.33,0,0,1,0,1,1,0,0
8,34,45.26,0,0,1,0,1,1,0,0
8,36,46.14,0,0,1,0,1,1,0,0
8,38,46.98,0,0,1,0,1,1,0,0
8,40,47.91,0,0,1,0,1,1,0,0
8,42,48.51,0,0,1,0,1,1,0,0
8,44,49.16,0,0,1,0,1,1,0,0
8,46,49.67,0,0,1,0,1,1,0,0
8,48,50.14,0,0,1,0,1,1,0,0
8,50,50.65,0,0,1,0,1,1,0,0
8,52,51.12,0,0,1,0,1,1,0,0
8,54,51.49,0,0,1,0,1,1,0,0
8,56,51.95,0,0,1,0,1,1,0,0
8,58,52.23,0,0,1,0,1,1,0,0
8,60,52.6,0,0,1,0,1,1,0,0
8,62,52.93,0,0,1,0,1,1,0,0
8,64,53.26,0,0,1,0,1,1,0,0
8,66,53.58,0,0,1,0,1,1,0,0
8,68,53.86,0,0,1,0,1,1,0,0
8,70,54.05,0,0,1,0,1,1,0,0
8,72,54.33,0,0,1,0,1,1,0,0
8,74,54.56,0,0,1,0,1,1,0,0
8,76,54.79,0,0,1,0,1,1,0,0
8,78,55.02,0,0,1,0,1,1,0,0
8,80,55.26,0,0,1,0,1,1,0,0
8,82,55.53,0,0,1,0,1,1,0,0
8,84,55.77,0,0,1,0,1,1,0,0
8,86,56.0,0,0,1,0,1,1,0,0
8,88,56.19,0,0,1,0,1,1,0,0
8,90,56.37,0,0,1,0,1,1,0,0
8,0,25.02,0,0,1,0,1,0,0,1
8,2,27.44,0,0,1,0,1,0,0,1
8,4,29.53,0,0,1,0,1,0,0,1
8,6,31.67,0,0,1,0,1,0,0,1
8,8,33.67,0,0,1,0,1,0,0,1
8,10,35.16,0,0,1,0,1,0,0,1
8,12,36.6,0,0,1,0,1,0,0,1
8,14,37.77,0,0,1,0,1,0,0,1
8,16,38.79,0,0,1,0,1,0,0,1
8,18,39.44,0,0,1,0,1,0,0,1
8,20,39.81,0,0,1,0,1,0,0,1
8,22,40.05,0,0,1,0,1,0,0,1
8,24,40.42,0,0,1,0,1,0,0,1
8,26,40.65,0,0,1,0,1,0,0,1
8,28,40.98,0,0,1,0,1,0,0,1
8,30,41.16,0,0,1,0,1,0,0,1
8,32,41.35,0,0,1,0,1,0,0,1
8,34,41.63,0,0,1,0,1,0,0,1
8,36,41.91,0,0,1,0,1,0,0,1
8,38,42.23,0,0,1,0,1,0,0,1
8,40,42.47,0,0,1,0,1,0,0,1
8,42,42.74,0,0,1,0,1,0,0,1
8,44,42.93,0,0,1,0,1,0,0,1
8,46,43.12,0,0,1,0,1,0,0,1
8,48,43.3,0,0,1,0,1,0,0,1
8,50,43.44,0,0,1,0,1,0,0,1
8,52,43.72,0,0,1,0,1,0,0,1
8,54,43.95,0,0,1,0,1,0,0,1
8,56,44.33,0,0,1,0,1,0,0,1
8,58,44.98,0,0,1,0,1,0,0,1
8,60,45.95,0,0,1,0,1,0,0,1
8,62,47.16,0,0,1,0,1,0,0,1
8,64,48.33,0,0,1,0,1,0,0,1
8,66,49.21,0,0,1,0,1,0,0,1
8,68,50.23,0,0,1,0,1,0,0,1
8,70,51.12,0,0,1,0,1,0,0,1
8,72,51.91,0,0,1,0,1,0,0,1
8,74,52.74,0,0,1,0,1,0,0,1
8,76,53.44,0,0,1,0,1,0,0,1
8,78,54.23,0,0,1,0,1,0,0,1
8,80,54.93,0,0,1,0,1,0,0,1
8,82,55.53,0,0,1,0,1,0,0,1
8,84,56.19,0,0,1,0,1,0,0,1
8,86,56.74,0,0,1,0,1,0,0,1
8,88,57.26,0,0,1,0,1,0,0,1
8,90,57.81,0,0,1,0,1,0,0,1
8,0,24.98,0,0,1,0,1,0,1,0
8,2,27.13,0,0,1,0,1,0,1,0
8,4,28.74,0,0,1,0,1,0,1,0
8,6,30.11,0,0,1,0,1,0,1,0
8,8,31.04,0,0,1,0,1,0,1,0
8,10,31.77,0,0,1,0,1,0,1,0
8,12,32.26,0,0,1,0,1,0,1,0
8,14,32.84,0,0,1,0,1,0,1,0
8,16,33.28,0,0,1,0,1,0,1,0
8,18,33.57,0,0,1,0,1,0,1,0
8,20,33.92,0,0,1,0,1,0,1,0
8,22,34.31,0,0,1,0,1,0,1,0
8,24,34.65,0,0,1,0,1,0,1,0
8,26,34.99,0,0,1,0,1,0,1,0
8,28,35.28,0,0,1,0,1,0,1,0
8,30,35.72,0,0,1,0,1,0,1,0
8,32,36.16,0,0,1,0,1,0,1,0
8,34,37.63,0,0,1,0,1,0,1,0
8,36,39.34,0,0,1,0,1,0,1,0
8,38,41.39,0,0,1,0,1,0,1,0
8,40,43.05,0,0,1,0,1,0,1,0
8,42,44.66,0,0,1,0,1,0,1,0
8,44,46.12,0,0,1,0,1,0,1,0
8,46,47.54,0,0,1,0,1,0,1,0
8,48,48.76,0,0,1,0,1,0,1,0
8,50,49.93,0,0,1,0,1,0,1,0
8,52,51.2,0,0,1,0,1,0,1,0
8,54,52.13,0,0,1,0,1,0,1,0
8,56,53.25,0,0,1,0,1,0,1,0
8,58,54.18,0,0,1,0,1,0,1,0
8,60,55.11,0,0,1,0,1,0,1,0
8,62,55.94,0,0,1,0,1,0,1,0
8,64,56.82,0,0,1,0,1,0,1,0
8,66,57.65,0,0,1,0,1,0,1,0
8,68,58.38,0,0,1,0,1,0,1,0
8,70,59.11,0,0,1,0,1,0,1,0
8,72,59.84,0,0,1,0,1,0,1,0
8,74,60.48,0,0,1,0,1,0,1,0
8,76,61.16,0,0,1,0,1,0,1,0
8,78,61.8,0,0,1,0,1,0,1,0
8,80,62.38,0,0,1,0,1,0,1,0
8,82,62.87,0,0,1,0,1,0,1,0
8,84,63.51,0,0,1,0,1,0,1,0
8,86,64.04,0,0,1,0,1,0,1,0
8,88,64.53,0,0,1,0,1,0,1,0
8,90,64.92,0,0,1,0,1,0,1,0
5,0,24.61,1,0,0,1,0,0,1,0
5,2,25.96,1,0,0,1,0,0,1,0
5,4,27.18,1,0,0,1,0,0,1,0
5,6,28.17,1,0,0,1,0,0,1,0
5,8,29.22,1,0,0,1,0,0,1,0
5,10,30.0,1,0,0,1,0,0,1,0
5,12,30.84,1,0,0,1,0,0,1,0
5,14,31.45,1,0,0,1,0,0,1,0
5,16,32.06,1,0,0,1,0,0,1,0
5,18,32.57,1,0,0,1,0,0,1,0
5,20,33.04,1,0,0,1,0,0,1,0
5,22,33.42,1,0,0,1,0,0,1,0
5,24,33.72,1,0,0,1,0,0,1,0
5,26,33.99,1,0,0,1,0,0,1,0
5,28,34.23,1,0,0,1,0,0,1,0
5,30,34.4,1,0,0,1,0,0,1,0
5,32,34.6,1,0,0,1,0,0,1,0
5,34,34.81,1,0,0,1,0,0,1,0
5,36,34.98,1,0,0,1,0,0,1,0
5,38,35.18,1,0,0,1,0,0,1,0
5,40,35.28,1,0,0,1,0,0,1,0
5,42,35.45,1,0,0,1,0,0,1,0
5,44,35.59,1,0,0,1,0,0,1,0
5,46,35.69,1,0,0,1,0,0,1,0
5,48,35.86,1,0,0,1,0,0,1,0
5,50,35.99,1,0,0,1,0,0,1,0
5,52,36.13,1,0,0,1,0,0,1,0
5,54,36.23,1,0,0,1,0,0,1,0
5,56,36.33,1,0,0,1,0,0,1,0
5,58,36.4,1,0,0,1,0,0,1,0
5,60,36.36,1,0,0,1,0,0,1,0
5,62,36.43,1,0,0,1,0,0,1,0
5,64,36.47,1,0,0,1,0,0,1,0
5,66,36.64,1,0,0,1,0,0,1,0
5,68,36.77,1,0,0,1,0,0,1,0
5,70,36.94,1,0,0,1,0,0,1,0
5,72,37.01,1,0,0,1,0,0,1,0
5,74,37.04,1,0,0,1,0,0,1,0
5,76,37.14,1,0,0,1,0,0,1,0
5,78,37.28,1,0,0,1,0,0,1,0
5,80,37.31,1,0,0,1,0,0,1,0
5,82,37.75,1,0,0,1,0,0,1,0
5,84,38.06,1,0,0,1,0,0,1,0
5,86,38.3,1,0,0,1,0,0,1,0
5,88,38.53,1,0,0,1,0,0,1,0
5,90,38.8,1,0,0,1,0,0,1,0
5,0,24.57,1,0,0,1,0,0,0,1
5,2,26.4,1,0,0,1,0,0,0,1
5,4,28.1,1,0,0,1,0,0,0,1
5,6,29.62,1,0,0,1,0,0,0,1
5,8,31.08,1,0,0,1,0,0,0,1
5,10,32.4,1,0,0,1,0,0,0,1
5,12,33.65,1,0,0,1,0,0,0,1
5,14,34.84,1,0,0,1,0,0,0,1
5,16,35.92,1,0,0,1,0,0,0,1
5,18,36.84,1,0,0,1,0,0,0,1
5,20,37.75,1,0,0,1,0,0,0,1
5,22,38.43,1,0,0,1,0,0,0,1
5,24,39.08,1,0,0,1,0,0,0,1
5,26,39.55,1,0,0,1,0,0,0,1
5,28,39.96,1,0,0,1,0,0,0,1
5,30,40.26,1,0,0,1,0,0,0,1
5,32,40.57,1,0,0,1,0,0,0,1
5,34,40.87,1,0,0,1,0,0,0,1
5,36,41.11,1,0,0,1,0,0,0,1
5,38,41.45,1,0,0,1,0,0,0,1
5,40,41.68,1,0,0,1,0,0,0,1
5,42,41.85,1,0,0,1,0,0,0,1
5,44,42.06,1,0,0,1,0,0,0,1
5,46,42.16,1,0,0,1,0,0,0,1
5,48,42.29,1,0,0,1,0,0,0,1
5,50,42.43,1,0,0,1,0,0,0,1
5,52,42.53,1,0,0,1,0,0,0,1
5,54,42.63,1,0,0,1,0,0,0,1
5,56,42.73,1,0,0,1,0,0,0,1
5,58,42.84,1,0,0,1,0,0,0,1
5,60,42.9,1,0,0,1,0,0,0,1
5,62,43.01,1,0,0,1,0,0,0,1
5,64,43.07,1,0,0,1,0,0,0,1
5,66,43.18,1,0,0,1,0,0,0,1
5,68,43.24,1,0,0,1,0,0,0,1
5,70,43.34,1,0,0,1,0,0,0,1
5,72,43.38,1,0,0,1,0,0,0,1
5,74,43.48,1,0,0,1,0,0,0,1
5,76,43.55,1,0,0,1,0,0,0,1
5,78,43.62,1,0,0,1,0,0,0,1
5,80,43.68,1,0,0,1,0,0,0,1
5,82,43.79,1,0,0,1,0,0,0,1
5,84,43.85,1,0,0,1,0,0,0,1
5,86,43.92,1,0,0,1,0,0,0,1
5,88,43.99,1,0,0,1,0,0,0,1
5,90,44.09,1,0,0,1,0,0,0,1
5,0,24.57,1,0,0,1,0,1,0,0
5,2,26.2,1,0,0,1,0,1,0,0
5,4,27.66,1,0,0,1,0,1,0,0
5,6,29.11,1,0,0,1,0,1,0,0
5,8,30.33,1,0,0,1,0,1,0,0
5,10,31.28,1,0,0,1,0,1,0,0
5,12,32.4,1,0,0,1,0,1,0,0
5,14,33.28,1,0,0,1,0,1,0,0
5,16,34.13,1,0,0,1,0,1,0,0
5,18,34.87,1,0,0,1,0,1,0,0
5,20,35.69,1,0,0,1,0,1,0,0
5,22,36.3,1,0,0,1,0,1,0,0
5,24,36.94,1,0,0,1,0,1,0,0
5,26,37.48,1,0,0,1,0,1,0,0
5,28,38.06,1,0,0,1,0,1,0,0
5,30,38.57,1,0,0,1,0,1,0,0
5,32,39.11,1,0,0,1,0,1,0,0
5,34,39.62,1,0,0,1,0,1,0,0
5,36,40.06,1,0,0,1,0,1,0,0
5,38,40.5,1,0,0,1,0,1,0,0
5,40,40.97,1,0,0,1,0,1,0,0
5,42,41.41,1,0,0,1,0,1,0,0
5,44,41.85,1,0,0,1,0,1,0,0
5,46,42.26,1,0,0,1,0,1,0,0
5,48,42.73,1,0,0,1,0,1,0,0
5,50,43.18,1,0,0,1,0,1,0,0
5,52,43.58,1,0,0,1,0,1,0,0
5,54,44.02,1,0,0,1,0,1,0,0
5,56,44.39,1,0,0,1,0,1,0,0
5,58,44.8,1,0,0,1,0,1,0,0
5,60,45.17,1,0,0,1,0,1,0,0
5,62,45.58,1,0,0,1,0,1,0,0
5,64,45.89,1,0,0,1,0,1,0,0
5,66,46.26,1,0,0,1,0,1,0,0
5,68,46.6,1,0,0,1,0,1,0,0
5,70,46.9,1,0,0,1,0,1,0,0
5,72,47.14,1,0,0,1,0,1,0,0
5,74,47.48,1,0,0,1,0,1,0,0
5,76,47.78,1,0,0,1,0,1,0,0
5,78,48.02,1,0,0,1,0,1,0,0
5,80,48.22,1,0,0,1,0,1,0,0
5,82,48.46,1,0,0,1,0,1,0,0
5,84,48.66,1,0,0,1,0,1,0,0
5,86,48.87,1,0,0,1,0,1,0,0
5,88,49.07,1,0,0,1,0,1,0,0
5,90,49.21,1,0,0,1,0,1,0,0
5,0,24.5,1,0,0,0,1,1,0,0
5,2,26.27,1,0,0,0,1,1,0,0
5,4,27.73,1,0,0,0,1,1,0,0
5,6,28.98,1,0,0,0,1,1,0,0
5,8,30.2,1,0,0,0,1,1,0,0
5,10,31.28,1,0,0,0,1,1,0,0
5,12,32.4,1,0,0,0,1,1,0,0
5,14,33.32,1,0,0,0,1,1,0,0
5,16,34.16,1,0,0,0,1,1,0,0
5,18,35.01,1,0,0,0,1,1,0,0
5,20,35.82,1,0,0,0,1,1,0,0
5,22,36.5,1,0,0,0,1,1,0,0
5,24,37.14,1,0,0,0,1,1,0,0
5,26,37.79,1,0,0,0,1,1,0,0
5,28,38.43,1,0,0,0,1,1,0,0
5,30,38.97,1,0,0,0,1,1,0,0
5,32,39.52,1,0,0,0,1,1,0,0
5,34,39.96,1,0,0,0,1,1,0,0
5,36,40.43,1,0,0,0,1,1,0,0
5,38,40.94,1,0,0,0,1,1,0,0
5,40,41.38,1,0,0,0,1,1,0,0
5,42,41.79,1,0,0,0,1,1,0,0
5,44,42.26,1,0,0,0,1,1,0,0
5,46,42.77,1,0,0,0,1,1,0,0
5,48,43.28,1,0,0,0,1,1,0,0
5,50,43.72,1,0,0,0,1,1,0,0
5,52,44.19,1,0,0,0,1,1,0,0
5,54,44.7,1,0,0,0,1,1,0,0
5,56,45.07,1,0,0,0,1,1,0,0
5,58,45.38,1,0,0,0,1,1,0,0
5,60,45.68,1,0,0,0,1,1,0,0
5,62,46.02,1,0,0,0,1,1,0,0
5,64,46.43,1,0,0,0,1,1,0,0
5,66,46.87,1,0,0,0,1,1,0,0
5,68,47.21,1,0,0,0,1,1,0,0
5,70,47.55,1,0,0,0,1,1,0,0
5,72,47.85,1,0,0,0,1,1,0,0
5,74,48.19,1,0,0,0,1,1,0,0
5,76,48.46,1,0,0,0,1,1,0,0
5,78,48.7,1,0,0,0,1,1,0,0
5,80,49.04,1,0,0,0,1,1,0,0
5,82,49.27,1,0,0,0,1,1,0,0
5,84,49.48,1,0,0,0,1,1,0,0
5,86,49.68,1,0,0,0,1,1,0,0
5,88,50.02,1,0,0,0,1,1,0,0
5,90,50.15,1,0,0,0,1,1,0,0
5,0,24.5,1,0,0,0,1,0,0,1
5,2,26.37,1,0,0,0,1,0,0,1
5,4,27.62,1,0,0,0,1,0,0,1
5,6,29.15,1,0,0,0,1,0,0,1
5,8,30.4,1,0,0,0,1,0,0,1
5,10,31.55,1,0,0,0,1,0,0,1
5,12,32.91,1,0,0,0,1,0,0,1
5,14,34.16,1,0,0,0,1,0,0,1
5,16,35.31,1,0,0,0,1,0,0,1
5,18,36.36,1,0,0,0,1,0,0,1
5,20,37.42,1,0,0,0,1,0,0,1
5,22,38.36,1,0,0,0,1,0,0,1
5,24,39.18,1,0,0,0,1,0,0,1
5,26,39.92,1,0,0,0,1,0,0,1
5,28,40.53,1,0,0,0,1,0,0,1
5,30,41.11,1,0,0,0,1,0,0,1
5,32,41.58,1,0,0,0,1,0,0,1
5,34,42.02,1,0,0,0,1,0,0,1
5,36,42.36,1,0,0,0,1,0,0,1
5,38,42.63,1,0,0,0,1,0,0,1
5,40,42.8,1,0,0,0,1,0,0,1
5,42,42.9,1,0,0,0,1,0,0,1
5,44,43.01,1,0,0,0,1,0,0,1
5,46,43.07,1,0,0,0,1,0,0,1
5,48,43.14,1,0,0,0,1,0,0,1
5,50,43.21,1,0,0,0,1,0,0,1
5,52,43.31,1,0,0,0,1,0,0,1
5,54,43.34,1,0,0,0,1,0,0,1
5,56,43.41,1,0,0,0,1,0,0,1
5,58,43.48,1,0,0,0,1,0,0,1
5,60,43.55,1,0,0,0,1,0,0,1
5,62,43.62,1,0,0,0,1,0,0,1
5,64,43.72,1,0,0,0,1,0,0,1
5,66,43.79,1,0,0,0,1,0,0,1
5,68,43.89,1,0,0,0,1,0,0,1
5,70,43.95,1,0,0,0,1,0,0,1
5,72,43.99,1,0,0,0,1,0,0,1
5,74,44.02,1,0,0,0,1,0,0,1
5,76,44.16,1,0,0,0,1,0,0,1
5,78,44.19,1,0,0,0,1,0,0,1
5,80,44.26,1,0,0,0,1,0,0,1
5,82,44.33,1,0,0,0,1,0,0,1
5,84,44.39,1,0,0,0,1,0,0,1
5,86,44.46,1,0,0,0,1,0,0,1
5,88,44.5,1,0,0,0,1,0,0,1
5,90,44.6,1,0,0,0,1,0,0,1
5,0,24.5,1,0,0,0,1,0,1,0
5,2,25.66,1,0,0,0,1,0,1,0
5,4,26.71,1,0,0,0,1,0,1,0
5,6,27.76,1,0,0,0,1,0,1,0
5,8,28.71,1,0,0,0,1,0,1,0
5,10,29.45,1,0,0,0,1,0,1,0
5,12,30.16,1,0,0,0,1,0,1,0
5,14,30.81,1,0,0,0,1,0,1,0
5,16,31.52,1,0,0,0,1,0,1,0
5,18,32.06,1,0,0,0,1,0,1,0
5,20,32.6,1,0,0,0,1,0,1,0
5,22,33.01,1,0,0,0,1,0,1,0
5,24,33.42,1,0,0,0,1,0,1,0
5,26,33.79,1,0,0,0,1,0,1,0
5,28,34.09,1,0,0,0,1,0,1,0
5,30,34.37,1,0,0,0,1,0,1,0
5,32,34.57,1,0,0,0,1,0,1,0
5,34,34.84,1,0,0,0,1,0,1,0
5,36,34.98,1,0,0,0,1,0,1,0
5,38,35.15,1,0,0,0,1,0,1,0
5,40,35.28,1,0,0,0,1,0,1,0
5,42,35.42,1,0,0,0,1,0,1,0
5,44,35.55,1,0,0,0,1,0,1,0
5,46,35.65,1,0,0,0,1,0,1,0
5,48,35.82,1,0,0,0,1,0,1,0
5,50,35.99,1,0,0,0,1,0,1,0
5,52,36.09,1,0,0,0,1,0,1,0
5,54,36.2,1,0,0,0,1,0,1,0
5,56,36.3,1,0,0,0,1,0,1,0
5,58,36.43,1,0,0,0,1,0,1,0
5,60,36.57,1,0,0,0,1,0,1,0
5,62,36.67,1,0,0,0,1,0,1,0
5,64,36.77,1,0,0,0,1,0,1,0
5,66,36.84,1,0,0,0,1,0,1,0
5,68,36.94,1,0,0,0,1,0,1,0
5,70,37.08,1,0,0,0,1,0,1,0
5,72,37.21,1,0,0,0,1,0,1,0
5,74,37.45,1,0,0,0,1,0,1,0
5,76,37.82,1,0,0,0,1,0,1,0
5,78,38.16,1,0,0,0,1,0,1,0
5,80,38.53,1,0,0,0,1,0,1,0
5,82,38.87,1,0,0,0,1,0,1,0
5,84,39.21,1,0,0,0,1,0,1,0
5,86,39.58,1,0,0,0,1,0,1,0
5,88,39.96,1,0,0,0,1,0,1,0
5,90,40.33,1,0,0,0,1,0,1,0
5,0,25.08,0,1,0,1,0,0,1,0
5,2,26.38,0,1,0,1,0,0,1,0
5,4,27.79,0,1,0,1,0,0,1,0
5,6,28.98,0,1,0,1,0,0,1,0
5,8,29.93,0,1,0,1,0,0,1,0
5,10,30.7,0,1,0,1,0,0,1,0
5,12,31.31,0,1,0,1,0,0,1,0
5,14,31.8,0,1,0,1,0,0,1,0
5,16,32.26,0,1,0,1,0,0,1,0
5,18,32.68,0,1,0,1,0,0,1,0
5,20,32.99,0,1,0,1,0,0,1,0
5,22,33.29,0,1,0,1,0,0,1,0
5,24,33.6,0,1,0,1,0,0,1,0
5,26,33.87,0,1,0,1,0,0,1,0
5,28,34.13,0,1,0,1,0,0,1,0
5,30,34.33,0,1,0,1,0,0,1,0
5,32,34.59,0,1,0,1,0,0,1,0
5,34,34.86,0,1,0,1,0,0,1,0
5,36,35.17,0,1,0,1,0,0,1,0
5,38,35.4,0,1,0,1,0,0,1,0
5,40,35.59,0,1,0,1,0,0,1,0
5,42,35.78,0,1,0,1,0,0,1,0
5,44,35.97,0,1,0,1,0,0,1,0
5,46,36.16,0,1,0,1,0,0,1,0
5,48,36.39,0,1,0,1,0,0,1,0
5,50,36.62,0,1,0,1,0,0,1,0
5,52,36.81,0,1,0,1,0,0,1,0
5,54,36.96,0,1,0,1,0,0,1,0
5,56,37.15,0,1,0,1,0,0,1,0
5,58,37.31,0,1,0,1,0,0,1,0
5,60,37.61,0,1,0,1,0,0,1,0
5,62,38.38,0,1,0,1,0,0,1,0
5,64,39.56,0,1,0,1,0,0,1,0
5,66,40.71,0,1,0,1,0,0,1,0
5,68,41.74,0,1,0,1,0,0,1,0
5,70,42.69,0,1,0,1,0,0,1,0
5,72,43.61,0,1,0,1,0,0,1,0
5,74,44.49,0,1,0,1,0,0,1,0
5,76,45.21,0,1,0,1,0,0,1,0
5,78,46.02,0,1,0,1,0,0,1,0
5,80,46.74,0,1,0,1,0,0,1,0
5,82,47.39,0,1,0,1,0,0,1,0
5,84,48.04,0,1,0,1,0,0,1,0
5,86,48.77,0,1,0,1,0,0,1,0
5,88,49.38,0,1,0,1,0,0,1,0
5,90,49.99,0,1,0,1,0,0,1,0
5,0,25.08,0,1,0,1,0,1,0,0
5,2,26.99,0,1,0,1,0,1,0,0
5,4,28.67,0,1,0,1,0,1,0,0
5,6,29.93,0,1,0,1,0,1,0,0
5,8,31.16,0,1,0,1,0,1,0,0
5,10,32.26,0,1,0,1,0,1,0,0
5,12,33.18,0,1,0,1,0,1,0,0
5,14,34.1,0,1,0,1,0,1,0,0
5,16,34.9,0,1,0,1,0,1,0,0
5,18,35.62,0,1,0,1,0,1,0,0
5,20,36.27,0,1,0,1,0,1,0,0
5,22,36.92,0,1,0,1,0,1,0,0
5,24,37.53,0,1,0,1,0,1,0,0
5,26,38.11,0,1,0,1,0,1,0,0
5,28,38.6,0,1,0,1,0,1,0,0
5,30,39.1,0,1,0,1,0,1,0,0
5,32,39.56,0,1,0,1,0,1,0,0
5,34,40.02,0,1,0,1,0,1,0,0
5,36,40.44,0,1,0,1,0,1,0,0
5,38,40.82,0,1,0,1,0,1,0,0
5,40,41.28,0,1,0,1,0,1,0,0
5,42,41.66,0,1,0,1,0,1,0,0
5,44,42.08,0,1,0,1,0,1,0,0
5,46,42.54,0,1,0,1,0,1,0,0
5,48,42.96,0,1,0,1,0,1,0,0
5,50,43.49,0,1,0,1,0,1,0,0
5,52,43.99,0,1,0,1,0,1,0,0
5,54,44.45,0,1,0,1,0,1,0,0
5,56,44.87,0,1,0,1,0,1,0,0
5,58,45.33,0,1,0,1,0,1,0,0
5,60,45.71,0,1,0,1,0,1,0,0
5,62,46.09,0,1,0,1,0,1,0,0
5,64,46.47,0,1,0,1,0,1,0,0
5,66,46.86,0,1,0,1,0,1,0,0
5,68,47.16,0,1,0,1,0,1,0,0
5,70,47.39,0,1,0,1,0,1,0,0
5,72,47.7,0,1,0,1,0,1,0,0
5,74,47.96,0,1,0,1,0,1,0,0
5,76,48.27,0,1,0,1,0,1,0,0
5,78,48.46,0,1,0,1,0,1,0,0
5,80,48.73,0,1,0,1,0,1,0,0
5,82,48.92,0,1,0,1,0,1,0,0
5,84,49.15,0,1,0,1,0,1,0,0
5,86,49.38,0,1,0,1,0,1,0,0
5,88,49.57,0,1,0,1,0,1,0,0
5,90,49.64,0,1,0,1,0,1,0,0
5,0,25.0,0,1,0,1,0,0,0,1
5,2,26.91,0,1,0,1,0,0,0,1
5,4,28.79,0,1,0,1,0,0,0,1
5,6,30.28,0,1,0,1,0,0,0,1
5,8,31.69,0,1,0,1,0,0,0,1
5,10,33.07,0,1,0,1,0,0,0,1
5,12,34.33,0,1,0,1,0,0,0,1
5,14,35.59,0,1,0,1,0,0,0,1
5,16,36.66,0,1,0,1,0,0,0,1
5,18,37.69,0,1,0,1,0,0,0,1
5,20,38.57,0,1,0,1,0,0,0,1
5,22,39.33,0,1,0,1,0,0,0,1
5,24,39.98,0,1,0,1,0,0,0,1
5,26,40.51,0,1,0,1,0,0,0,1
5,28,41.13,0,1,0,1,0,0,0,1
5,30,41.58,0,1,0,1,0,0,0,1
5,32,41.89,0,1,0,1,0,0,0,1
5,34,42.16,0,1,0,1,0,0,0,1
5,36,42.31,0,1,0,1,0,0,0,1
5,38,42.42,0,1,0,1,0,0,0,1
5,40,42.54,0,1,0,1,0,0,0,1
5,42,42.65,0,1,0,1,0,0,0,1
5,44,42.73,0,1,0,1,0,0,0,1
5,46,42.81,0,1,0,1,0,0,0,1
5,48,42.92,0,1,0,1,0,0,0,1
5,50,43.0,0,1,0,1,0,0,0,1
5,52,43.11,0,1,0,1,0,0,0,1
5,54,43.19,0,1,0,1,0,0,0,1
5,56,43.3,0,1,0,1,0,0,0,1
5,58,43.38,0,1,0,1,0,0,0,1
5,60,43.49,0,1,0,1,0,0,0,1
5,62,43.61,0,1,0,1,0,0,0,1
5,64,43.69,0,1,0,1,0,0,0,1
5,66,43.76,0,1,0,1,0,0,0,1
5,68,43.84,0,1,0,1,0,0,0,1
5,70,43.88,0,1,0,1,0,0,0,1
5,72,44.03,0,1,0,1,0,0,0,1
5,74,44.07,0,1,0,1,0,0,0,1
5,76,44.18,0,1,0,1,0,0,0,1
5,78,44.26,0,1,0,1,0,0,0,1
5,80,44.37,0,1,0,1,0,0,0,1
5,82,44.45,0,1,0,1,0,0,0,1
5,84,44.53,0,1,0,1,0,0,0,1
5,86,44.64,0,1,0,1,0,0,0,1
5,88,44.72,0,1,0,1,0,0,0,1
5,90,44.76,0,1,0,1,0,0,0,1
5,0,25.0,0,1,0,0,1,0,0,1
5,2,26.91,0,1,0,0,1,0,0,1
5,4,29.13,0,1,0,0,1,0,0,1
5,6,30.77,0,1,0,0,1,0,0,1
5,8,32.26,0,1,0,0,1,0,0,1
5,10,33.56,0,1,0,0,1,0,0,1
5,12,34.75,0,1,0,0,1,0,0,1
5,14,35.97,0,1,0,0,1,0,0,1
5,16,36.96,0,1,0,0,1,0,0,1
5,18,37.84,0,1,0,0,1,0,0,1
5,20,38.64,0,1,0,0,1,0,0,1
5,22,39.48,0,1,0,0,1,0,0,1
5,24,39.98,0,1,0,0,1,0,0,1
5,26,40.36,0,1,0,0,1,0,0,1
5,28,40.74,0,1,0,0,1,0,0,1
5,30,41.13,0,1,0,0,1,0,0,1
5,32,41.51,0,1,0,0,1,0,0,1
5,34,41.85,0,1,0,0,1,0,0,1
5,36,42.23,0,1,0,0,1,0,0,1
5,38,42.62,0,1,0,0,1,0,0,1
5,40,42.81,0,1,0,0,1,0,0,1
5,42,42.96,0,1,0,0,1,0,0,1
5,44,43.11,0,1,0,0,1,0,0,1
5,46,43.23,0,1,0,0,1,0,0,1
5,48,43.3,0,1,0,0,1,0,0,1
5,50,43.46,0,1,0,0,1,0,0,1
5,52,43.57,0,1,0,0,1,0,0,1
5,54,43.65,0,1,0,0,1,0,0,1
5,56,43.8,0,1,0,0,1,0,0,1
5,58,43.91,0,1,0,0,1,0,0,1
5,60,44.03,0,1,0,0,1,0,0,1
5,62,44.11,0,1,0,0,1,0,0,1
5,64,44.26,0,1,0,0,1,0,0,1
5,66,44.37,0,1,0,0,1,0,0,1
5,68,44.37,0,1,0,0,1,0,0,1
5,70,44.49,0,1,0,0,1,0,0,1
5,72,44.6,0,1,0,0,1,0,0,1
5,74,44.72,0,1,0,0,1,0,0,1
5,76,44.87,0,1,0,0,1,0,0,1
5,78,44.98,0,1,0,0,1,0,0,1
5,80,45.1,0,1,0,0,1,0,0,1
5,82,45.21,0,1,0,0,1,0,0,1
5,84,45.37,0,1,0,0,1,0,0,1
5,86,45.52,0,1,0,0,1,0,0,1
5,88,45.67,0,1,0,0,1,0,0,1
5,90,46.05,0,1,0,0,1,0,0,1
5,0,25.0,0,1,0,0,1,0,1,0
5,2,26.99,0,1,0,0,1,0,1,0
5,4,28.75,0,1,0,0,1,0,1,0
5,6,30.09,0,1,0,0,1,0,1,0
5,8,31.31,0,1,0,0,1,0,1,0
5,10,32.0,0,1,0,0,1,0,1,0
5,12,32.53,0,1,0,0,1,0,1,0
5,14,33.1,0,1,0,0,1,0,1,0
5,16,33.56,0,1,0,0,1,0,1,0
5,18,34.06,0,1,0,0,1,0,1,0
5,20,34.44,0,1,0,0,1,0,1,0
5,22,34.82,0,1,0,0,1,0,1,0
5,24,35.13,0,1,0,0,1,0,1,0
5,26,35.43,0,1,0,0,1,0,1,0
5,28,35.66,0,1,0,0,1,0,1,0
5,30,35.89,0,1,0,0,1,0,1,0
5,32,36.01,0,1,0,0,1,0,1,0
5,34,36.24,0,1,0,0,1,0,1,0
5,36,36.39,0,1,0,0,1,0,1,0
5,38,36.58,0,1,0,0,1,0,1,0
5,40,36.81,0,1,0,0,1,0,1,0
5,42,37.04,0,1,0,0,1,0,1,0
5,44,37.11,0,1,0,0,1,0,1,0
5,46,37.23,0,1,0,0,1,0,1,0
5,48,37.99,0,1,0,0,1,0,1,0
5,50,39.18,0,1,0,0,1,0,1,0
5,52,40.29,0,1,0,0,1,0,1,0
5,54,41.28,0,1,0,0,1,0,1,0
5,56,42.31,0,1,0,0,1,0,1,0
5,58,43.23,0,1,0,0,1,0,1,0
5,60,44.11,0,1,0,0,1,0,1,0
5,62,44.95,0,1,0,0,1,0,1,0
5,64,45.71,0,1,0,0,1,0,1,0
5,66,46.44,0,1,0,0,1,0,1,0
5,68,47.09,0,1,0,0,1,0,1,0
5,70,47.7,0,1,0,0,1,0,1,0
5,72,48.27,0,1,0,0,1,0,1,0
5,74,48.96,0,1,0,0,1,0,1,0
5,76,49.38,0,1,0,0,1,0,1,0
5,78,49.84,0,1,0,0,1,0,1,0
5,80,50.37,0,1,0,0,1,0,1,0
5,82,50.79,0,1,0,0,1,0,1,0
5,84,51.17,0,1,0,0,1,0,1,0
5,86,51.59,0,1,0,0,1,0,1,0
5,88,51.94,0,1,0,0,1,0,1,0
5,90,52.43,0,1,0,0,1,0,1,0
5,0,25.0,0,1,0,0,1,1,0,0
5,2,26.61,0,1,0,0,1,1,0,0
5,4,28.06,0,1,0,0,1,1,0,0
5,6,29.47,0,1,0,0,1,1,0,0
5,8,30.81,0,1,0,0,1,1,0,0
5,10,31.77,0,1,0,0,1,1,0,0
5,12,32.72,0,1,0,0,1,1,0,0
5,14,33.68,0,1,0,0,1,1,0,0
5,16,34.4,0,1,0,0,1,1,0,0
5,18,35.17,0,1,0,0,1,1,0,0
5,20,35.78,0,1,0,0,1,1,0,0
5,22,36.43,0,1,0,0,1,1,0,0
5,24,37.0,0,1,0,0,1,1,0,0
5,26,37.57,0,1,0,0,1,1,0,0
5,28,38.07,0,1,0,0,1,1,0,0
5,30,38.53,0,1,0,0,1,1,0,0
5,32,38.95,0,1,0,0,1,1,0,0
5,34,39.41,0,1,0,0,1,1,0,0
5,36,39.83,0,1,0,0,1,1,0,0
5,38,40.21,0,1,0,0,1,1,0,0
5,40,40.67,0,1,0,0,1,1,0,0
5,42,40.97,0,1,0,0,1,1,0,0
5,44,41.36,0,1,0,0,1,1,0,0
5,46,41.93,0,1,0,0,1,1,0,0
5,48,42.46,0,1,0,0,1,1,0,0
5,50,43.0,0,1,0,0,1,1,0,0
5,52,43.61,0,1,0,0,1,1,0,0
5,54,44.18,0,1,0,0,1,1,0,0
5,56,44.91,0,1,0,0,1,1,0,0
5,58,45.37,0,1,0,0,1,1,0,0
5,60,45.94,0,1,0,0,1,1,0,0
5,62,46.4,0,1,0,0,1,1,0,0
5,64,46.93,0,1,0,0,1,1,0,0
5,66,47.43,0,1,0,0,1,1,0,0
5,68,47.85,0,1,0,0,1,1,0,0
5,70,48.31,0,1,0,0,1,1,0,0
5,72,48.69,0,1,0,0,1,1,0,0
5,74,49.03,0,1,0,0,1,1,0,0
5,76,49.38,0,1,0,0,1,1,0,0
5,78,49.72,0,1,0,0,1,1,0,0
5,80,50.03,0,1,0,0,1,1,0,0
5,82,50.29,0,1,0,0,1,1,0,0
5,84,50.56,0,1,0,0,1,1,0,0
5,86,50.83,0,1,0,0,1,1,0,0
5,88,51.02,0,1,0,0,1,1,0,0
5,90,51.36,0,1,0,0,1,1,0,0
5,0,25.03,0,0,1,1,0,0,1,0
5,2,25.78,0,0,1,1,0,0,1,0
5,4,26.74,0,0,1,1,0,0,1,0
5,6,27.51,0,0,1,1,0,0,1,0
5,8,28.23,0,0,1,1,0,0,1,0
5,10,28.92,0,0,1,1,0,0,1,0
5,12,29.46,0,0,1,1,0,0,1,0
5,14,29.97,0,0,1,1,0,0,1,0
5,16,30.45,0,0,1,1,0,0,1,0
5,18,30.87,0,0,1,1,0,0,1,0
5,20,31.23,0,0,1,1,0,0,1,0
5,22,31.62,0,0,1,1,0,0,1,0
5,24,31.89,0,0,1,1,0,0,1,0
5,26,32.25,0,0,1,1,0,0,1,0
5,28,32.51,0,0,1,1,0,0,1,0
5,30,32.72,0,0,1,1,0,0,1,0
5,32,32.93,0,0,1,1,0,0,1,0
5,34,33.11,0,0,1,1,0,0,1,0
5,36,33.29,0,0,1,1,0,0,1,0
5,38,33.47,0,0,1,1,0,0,1,0
5,39,33.62,0,0,1,1,0,0,1,0
5,41,33.74,0,0,1,1,0,0,1,0
5,43,33.86,0,0,1,1,0,0,1,0
5,45,33.98,0,0,1,1,0,0,1,0
5,47,34.07,0,0,1,1,0,0,1,0
5,49,34.13,0,0,1,1,0,0,1,0
5,51,34.19,0,0,1,1,0,0,1,0
5,53,34.22,0,0,1,1,0,0,1,0
5,55,34.34,0,0,1,1,0,0,1,0
5,57,34.43,0,0,1,1,0,0,1,0
5,59,34.49,0,0,1,1,0,0,1,0
5,61,34.55,0,0,1,1,0,0,1,0
5,63,34.61,0,0,1,1,0,0,1,0
5,65,34.73,0,0,1,1,0,0,1,0
5,67,34.73,0,0,1,1,0,0,1,0
5,69,34.79,0,0,1,1,0,0,1,0
5,71,34.88,0,0,1,1,0,0,1,0
5,73,34.94,0,0,1,1,0,0,1,0
5,75,35.0,0,0,1,1,0,0,1,0
5,77,35.12,0,0,1,1,0,0,1,0
5,79,35.24,0,0,1,1,0,0,1,0
5,81,35.33,0,0,1,1,0,0,1,0
5,83,35.36,0,0,1,1,0,0,1,0
5,85,35.33,0,0,1,1,0,0,1,0
5,87,35.33,0,0,1,1,0,0,1,0
5,90,35.72,0,0,1,1,0,0,1,0
5,0,25.09,0,0,1,1,0,0,0,1
5,2,26.23,0,0,1,1,0,0,0,1
5,4,27.4,0,0,1,1,0,0,0,1
5,6,28.47,0,0,1,1,0,0,0,1
5,8,29.43,0,0,1,1,0,0,0,1
5,10,30.45,0,0,1,1,0,0,0,1
5,12,31.26,0,0,1,1,0,0,0,1
5,14,32.1,0,0,1,1,0,0,0,1
5,16,32.9,0,0,1,1,0,0,0,1
5,18,33.62,0,0,1,1,0,0,0,1
5,20,34.28,0,0,1,1,0,0,0,1
5,22,34.97,0,0,1,1,0,0,0,1
5,24,35.54,0,0,1,1,0,0,0,1
5,26,36.08,0,0,1,1,0,0,0,1
5,28,36.59,0,0,1,1,0,0,0,1
5,30,37.04,0,0,1,1,0,0,0,1
5,32,37.43,0,0,1,1,0,0,0,1
5,33,37.81,0,0,1,1,0,0,0,1
5,35,38.17,0,0,1,1,0,0,0,1
5,37,38.53,0,0,1,1,0,0,0,1
5,39,38.83,0,0,1,1,0,0,0,1
5,41,39.13,0,0,1,1,0,0,0,1
5,43,39.37,0,0,1,1,0,0,0,1
5,45,39.55,0,0,1,1,0,0,0,1
5,47,39.7,0,0,1,1,0,0,0,1
5,49,39.82,0,0,1,1,0,0,0,1
5,51,39.97,0,0,1,1,0,0,0,1
5,53,40.03,0,0,1,1,0,0,0,1
5,55,40.12,0,0,1,1,0,0,0,1
5,57,40.18,0,0,1,1,0,0,0,1
5,59,40.24,0,0,1,1,0,0,0,1
5,61,40.33,0,0,1,1,0,0,0,1
5,63,40.39,0,0,1,1,0,0,0,1
5,65,40.48,0,0,1,1,0,0,0,1
5,67,40.51,0,0,1,1,0,0,0,1
5,69,40.54,0,0,1,1,0,0,0,1
5,71,40.63,0,0,1,1,0,0,0,1
5,73,40.66,0,0,1,1,0,0,0,1
5,75,40.75,0,0,1,1,0,0,0,1
5,77,40.81,0,0,1,1,0,0,0,1
5,79,40.84,0,0,1,1,0,0,0,1
5,81,40.9,0,0,1,1,0,0,0,1
5,83,40.96,0,0,1,1,0,0,0,1
5,85,41.05,0,0,1,1,0,0,0,1
5,87,41.08,0,0,1,1,0,0,0,1
5,89,41.14,0,0,1,1,0,0,0,1
5,0,25.06,0,0,1,1,0,1,0,0
5,2,25.99,0,0,1,1,0,1,0,0
5,4,26.98,0,0,1,1,0,1,0,0
5,6,27.84,0,0,1,1,0,1,0,0
5,8,28.68,0,0,1,1,0,1,0,0
5,10,29.55,0,0,1,1,0,1,0,0
5,12,30.24,0,0,1,1,0,1,0,0
5,14,30.93,0,0,1,1,0,1,0,0
5,16,31.56,0,0,1,1,0,1,0,0
5,18,32.22,0,0,1,1,0,1,0,0
5,20,32.75,0,0,1,1,0,1,0,0
5,22,33.29,0,0,1,1,0,1,0,0
5,24,33.83,0,0,1,1,0,1,0,0
5,26,34.31,0,0,1,1,0,1,0,0
5,28,34.76,0,0,1,1,0,1,0,0
5,30,35.27,0,0,1,1,0,1,0,0
5,32,35.66,0,0,1,1,0,1,0,0
5,34,36.02,0,0,1,1,0,1,0,0
5,36,36.44,0,0,1,1,0,1,0,0
5,38,36.77,0,0,1,1,0,1,0,0
5,40,37.13,0,0,1,1,0,1,0,0
5,42,37.49,0,0,1,1,0,1,0,0
5,44,37.78,0,0,1,1,0,1,0,0
5,46,38.08,0,0,1,1,0,1,0,0
5,48,38.41,0,0,1,1,0,1,0,0
5,50,38.71,0,0,1,1,0,1,0,0
5,52,38.98,0,0,1,1,0,1,0,0
5,55,39.28,0,0,1,1,0,1,0,0
5,56,39.52,0,0,1,1,0,1,0,0
5,58,39.76,0,0,1,1,0,1,0,0
5,60,40.03,0,0,1,1,0,1,0,0
5,62,40.36,0,0,1,1,0,1,0,0
5,64,40.63,0,0,1,1,0,1,0,0
5,66,40.84,0,0,1,1,0,1,0,0
5,68,41.08,0,0,1,1,0,1,0,0
5,70,41.41,0,0,1,1,0,1,0,0
5,72,41.74,0,0,1,1,0,1,0,0
5,74,41.98,0,0,1,1,0,1,0,0
5,76,42.25,0,0,1,1,0,1,0,0
5,78,42.49,0,0,1,1,0,1,0,0
5,80,42.78,0,0,1,1,0,1,0,0
5,82,43.05,0,0,1,1,0,1,0,0
5,84,43.29,0,0,1,1,0,1,0,0
5,86,43.47,0,0,1,1,0,1,0,0
5,88,43.68,0,0,1,1,0,1,0,0
5,90,43.86,0,0,1,1,0,1,0,0
5,0,25.02,0,0,1,0,1,1,0,0
5,2,26.13,0,0,1,0,1,1,0,0
5,4,27.43,0,0,1,0,1,1,0,0
5,6,28.6,0,0,1,0,1,1,0,0
5,8,29.53,0,0,1,0,1,1,0,0
5,10,30.57,0,0,1,0,1,1,0,0
5,12,31.33,0,0,1,0,1,1,0,0
5,14,32.05,0,0,1,0,1,1,0,0
5,16,32.87,0,0,1,0,1,1,0,0
5,18,33.59,0,0,1,0,1,1,0,0
5,20,34.2,0,0,1,0,1,1,0,0
5,22,34.81,0,0,1,0,1,1,0,0
5,24,35.33,0,0,1,0,1,1,0,0
5,26,35.89,0,0,1,0,1,1,0,0
5,28,36.38,0,0,1,0,1,1,0,0
5,30,36.82,0,0,1,0,1,1,0,0
5,32,37.28,0,0,1,0,1,1,0,0
5,34,37.69,0,0,1,0,1,1,0,0
5,36,38.12,0,0,1,0,1,1,0,0
5,38,38.5,0,0,1,0,1,1,0,0
5,40,38.85,0,0,1,0,1,1,0,0
5,42,39.25,0,0,1,0,1,1,0,0
5,44,39.63,0,0,1,0,1,1,0,0
5,46,39.95,0,0,1,0,1,1,0,0
5,48,40.3,0,0,1,0,1,1,0,0
5,50,40.62,0,0,1,0,1,1,0,0
5,52,40.97,0,0,1,0,1,1,0,0
5,54,41.29,0,0,1,0,1,1,0,0
5,56,41.69,0,0,1,0,1,1,0,0
5,58,42.01,0,0,1,0,1,1,0,0
5,60,42.3,0,0,1,0,1,1,0,0
5,62,42.65,0,0,1,0,1,1,0,0
5,64,42.97,0,0,1,0,1,1,0,0
5,66,43.2,0,0,1,0,1,1,0,0
5,68,43.52,0,0,1,0,1,1,0,0
5,70,43.84,0,0,1,0,1,1,0,0
5,72,44.1,0,0,1,0,1,1,0,0
5,74,44.37,0,0,1,0,1,1,0,0
5,76,44.63,0,0,1,0,1,1,0,0
5,78,44.86,0,0,1,0,1,1,0,0
5,80,45.09,0,0,1,0,1,1,0,0
5,82,45.32,0,0,1,0,1,1,0,0
5,84,45.53,0,0,1,0,1,1,0,0
5,86,45.67,0,0,1,0,1,1,0,0
5,88,45.88,0,0,1,0,1,1,0,0
5,90,46.05,0,0,1,0,1,1,0,0
5,0,25.03,0,0,1,0,1,0,1,0
5,2,25.9,0,0,1,0,1,0,1,0
5,4,26.92,0,0,1,0,1,0,1,0
5,6,27.78,0,0,1,0,1,0,1,0
5,8,28.59,0,0,1,0,1,0,1,0
5,10,29.28,0,0,1,0,1,0,1,0
5,12,29.79,0,0,1,0,1,0,1,0
5,14,30.3,0,0,1,0,1,0,1,0
5,16,30.75,0,0,1,0,1,0,1,0
5,18,31.2,0,0,1,0,1,0,1,0
5,20,31.56,0,0,1,0,1,0,1,0
5,22,31.95,0,0,1,0,1,0,1,0
5,24,32.22,0,0,1,0,1,0,1,0
5,26,32.46,0,0,1,0,1,0,1,0
5,28,32.75,0,0,1,0,1,0,1,0
5,30,32.93,0,0,1,0,1,0,1,0
5,32,33.17,0,0,1,0,1,0,1,0
5,34,33.32,0,0,1,0,1,0,1,0
5,36,33.59,0,0,1,0,1,0,1,0
5,38,33.74,0,0,1,0,1,0,1,0
5,40,33.92,0,0,1,0,1,0,1,0
5,42,33.98,0,0,1,0,1,0,1,0
5,44,34.13,0,0,1,0,1,0,1,0
5,46,34.22,0,0,1,0,1,0,1,0
5,48,34.34,0,0,1,0,1,0,1,0
5,50,34.43,0,0,1,0,1,0,1,0
5,52,34.55,0,0,1,0,1,0,1,0
5,54,34.58,0,0,1,0,1,0,1,0
5,56,34.67,0,0,1,0,1,0,1,0
5,58,34.73,0,0,1,0,1,0,1,0
5,60,34.82,0,0,1,0,1,0,1,0
5,62,34.88,0,0,1,0,1,0,1,0
5,64,34.91,0,0,1,0,1,0,1,0
5,66,35.0,0,0,1,0,1,0,1,0
5,68,35.06,0,0,1,0,1,0,1,0
5,70,35.12,0,0,1,0,1,0,1,0
5,72,35.21,0,0,1,0,1,0,1,0
5,74,35.24,0,0,1,0,1,0,1,0
5,76,35.3,0,0,1,0,1,0,1,0
5,78,35.39,0,0,1,0,1,0,1,0
5,80,35.48,0,0,1,0,1,0,1,0
5,82,35.6,0,0,1,0,1,0,1,0
5,84,35.66,0,0,1,0,1,0,1,0
5,86,35.66,0,0,1,0,1,0,1,0
5,88,35.78,0,0,1,0,1,0,1,0
5,90,36.17,0,0,1,0,1,0,1,0
5,0,25.03,0,0,1,0,1,0,0,1
5,2,25.96,0,0,1,0,1,0,0,1
5,4,27.01,0,0,1,0,1,0,0,1
5,6,27.9,0,0,1,0,1,0,0,1
5,8,28.74,0,0,1,0,1,0,0,1
5,10,29.61,0,0,1,0,1,0,0,1
5,12,30.33,0,0,1,0,1,0,0,1
5,14,30.96,0,0,1,0,1,0,0,1
5,16,31.71,0,0,1,0,1,0,0,1
5,18,32.43,0,0,1,0,1,0,0,1
5,20,33.05,0,0,1,0,1,0,0,1
5,22,32.69,0,0,1,0,1,0,0,1
5,24,32.81,0,0,1,0,1,0,0,1
5,26,33.38,0,0,1,0,1,0,0,1
5,28,34.19,0,0,1,0,1,0,0,1
5,30,34.91,0,0,1,0,1,0,0,1
5,32,35.72,0,0,1,0,1,0,0,1
5,34,36.41,0,0,1,0,1,0,0,1
5,36,37.01,0,0,1,0,1,0,0,1
5,38,37.63,0,0,1,0,1,0,0,1
5,40,38.17,0,0,1,0,1,0,0,1
5,42,38.65,0,0,1,0,1,0,0,1
5,44,39.01,0,0,1,0,1,0,0,1
5,46,39.31,0,0,1,0,1,0,0,1
5,48,39.58,0,0,1,0,1,0,0,1
5,50,39.88,0,0,1,0,1,0,0,1
5,52,40.12,0,0,1,0,1,0,0,1
5,54,40.3,0,0,1,0,1,0,0,1
5,56,40.51,0,0,1,0,1,0,0,1
5,58,40.57,0,0,1,0,1,0,0,1
5,60,40.69,0,0,1,0,1,0,0,1
5,62,40.87,0,0,1,0,1,0,0,1
5,64,40.96,0,0,1,0,1,0,0,1
5,66,41.08,0,0,1,0,1,0,0,1
5,68,41.26,0,0,1,0,1,0,0,1
5,70,41.35,0,0,1,0,1,0,0,1
5,72,41.44,0,0,1,0,1,0,0,1
5,74,41.62,0,0,1,0,1,0,0,1
5,76,41.74,0,0,1,0,1,0,0,1
5,78,41.86,0,0,1,0,1,0,0,1
5,80,42.01,0,0,1,0,1,0,0,1
5,82,42.13,0,0,1,0,1,0,0,1
5,84,42.22,0,0,1,0,1,0,0,1
5,86,42.37,0,0,1,0,1,0,0,1
5,88,42.51,0,0,1,0,1,0,0,1
5,90,42.51,0,0,1,0,1,0,0,1
